date,CAD,USD,EUR,GBP
2017-01-03,50.89,68.37,71.11,83.76
2017-01-04,51.05,67.97,71.11,83.6
2017-01-05,51.18,67.78,71.69,83.93
2017-01-06,51.49,68.04,71.85,83.81
2017-01-09,51.49,68.18,71.92,82.82
2017-01-10,51.65,68.25,72.16,83.03
2017-01-11,51.71,68.51,71.95,83.02
2017-01-12,51.87,67.98,72.44,83.11
2017-01-13,51.89,68.19,72.48,83.01
2017-01-16,51.76,68.07,72.2,82.12
2017-01-17,52.03,67.93,72.68,84.08
2017-01-18,51.76,67.8,72.73,83.81
2017-01-19,51.15,68.05,72.42,83.88
2017-01-20,51.05,68.18,72.7,83.99
2017-01-23,51.26,68.12,73.12,85.0
2017-01-24,51.71,68.12,73.2,85.13
2017-01-25,52.0,68.06,73.07,85.78
2017-01-26,52.0,68.14,72.81,85.76
2017-01-27,51.87,68.07,72.8,85.42
2017-01-30,51.73,67.84,72.44,84.78
2017-01-31,51.84,67.55,72.85,84.8
2017-02-01,51.57,67.43,72.54,85.26
2017-02-02,51.63,67.2,72.53,84.3
2017-02-03,51.63,67.2,72.39,83.96
2017-02-06,51.31,67.21,72.14,83.74
2017-02-07,51.15,67.35,71.98,83.89
2017-02-08,50.97,67.06,71.68,83.99
2017-02-09,50.84,66.74,71.19,83.6
2017-02-10,51.1,66.86,71.08,83.43
2017-02-13,51.2,66.98,71.04,83.8
2017-02-14,51.15,66.85,70.75,83.35
2017-02-15,51.1,66.88,70.74,83.19
2017-02-16,51.36,67.05,71.48,83.74
2017-02-17,51.2,67.09,71.29,83.37
2017-02-21,50.94,66.98,70.61,83.4
2017-02-22,50.81,66.98,70.59,83.39
2017-02-23,50.86,66.68,70.53,83.55
2017-02-24,50.92,66.68,70.53,83.28
2017-02-27,50.84,66.69,70.7,82.99
2017-02-28,50.33,66.68,70.71,82.83
2017-03-01,50.13,66.86,70.54,82.28
2017-03-02,49.9,66.8,70.2,81.96
2017-03-03,49.83,66.79,70.6,81.85
2017-03-06,49.73,66.65,70.59,81.64
2017-03-07,49.65,66.62,70.43,81.26
2017-03-08,49.55,66.77,70.44,81.22
2017-03-09,49.33,66.67,70.55,81.14
2017-03-10,49.46,66.59,70.98,81.01
2017-03-13,49.21,66.18,70.57,80.93
2017-03-14,48.78,65.78,69.91,79.94
2017-03-15,48.88,65.63,69.85,80.22
2017-03-16,49.09,65.39,70.17,80.8
2017-03-17,49.07,65.44,70.31,81.01
2017-03-20,48.92,65.35,70.23,80.82
2017-03-21,49.04,65.31,70.59,81.46
2017-03-22,49.0,65.46,70.72,81.6
2017-03-23,49.09,65.47,70.6,81.93
2017-03-24,48.9,65.4,70.65,81.67
2017-03-27,48.61,65.01,70.72,81.78
2017-03-28,48.64,65.05,70.53,81.34
2017-03-29,48.54,64.87,69.78,80.59
2017-03-30,48.76,64.87,69.5,80.97
2017-03-31,48.73,64.86,69.31,81.14
2017-04-03,48.57,65.0,69.32,81.15
2017-04-04,48.47,65.08,69.37,80.97
2017-04-05,48.38,64.87,69.16,80.95
2017-04-06,48.12,64.57,68.78,80.54
2017-04-07,47.98,64.28,68.19,79.65
2017-04-10,48.38,64.58,68.43,80.17
2017-04-11,48.4,64.53,68.48,80.46
2017-04-12,48.64,64.69,68.63,80.87
2017-04-13,48.54,64.44,68.46,80.67
2017-04-17,48.57,64.54,68.75,81.16
2017-04-18,48.29,64.59,69.15,82.5
2017-04-19,48.01,64.62,69.24,82.75
2017-04-20,47.94,64.63,69.44,82.82
2017-04-21,47.87,64.65,69.16,82.7
2017-04-24,47.8,64.49,70.02,82.46
2017-04-25,47.33,64.33,70.27,82.51
2017-04-26,47.17,64.12,69.8,82.29
2017-04-27,47.06,64.11,69.73,82.69
2017-04-28,47.06,64.29,70.1,83.2
2017-05-01,47.06,64.28,70.13,83.03
2017-05-02,46.77,64.17,70.02,82.92
2017-05-03,46.79,64.17,70.02,82.83
2017-05-04,46.73,64.22,70.36,82.91
2017-05-05,46.9,64.32,70.65,83.33
2017-05-08,46.95,64.34,70.35,83.28
2017-05-09,47.1,64.66,70.37,83.61
2017-05-10,47.21,64.55,70.16,83.53
2017-05-11,46.99,64.41,69.98,82.95
2017-05-12,46.84,64.23,70.13,82.72
2017-05-15,46.95,64.04,70.3,82.66
2017-05-16,47.1,64.04,70.95,82.67
2017-05-17,47.1,64.13,71.41,83.08
2017-05-18,47.66,64.88,72.11,84.26
2017-05-19,47.66,64.56,72.27,84.08
2017-05-23,48.08,64.86,72.69,84.19
2017-05-24,48.1,64.74,72.45,83.83
2017-05-25,47.98,64.55,72.37,83.6
2017-05-26,47.94,64.51,72.09,82.6
2017-05-29,48.01,64.55,72.14,82.89
2017-05-30,48.01,64.66,72.29,83.14
2017-05-31,47.78,64.5,72.45,83.07
2017-06-01,47.73,64.44,72.27,83.02
2017-06-02,47.71,64.43,72.6,82.97
2017-06-05,47.73,64.36,72.42,83.13
2017-06-06,47.87,64.44,72.62,83.07
2017-06-07,47.73,64.4,72.45,83.35
2017-06-08,47.57,64.24,72.05,83.08
2017-06-09,47.76,64.25,71.88,81.79
2017-06-12,48.08,64.5,72.27,81.64
2017-06-13,48.61,64.36,72.12,81.98
2017-06-14,48.64,64.25,72.33,82.12
2017-06-15,48.61,64.57,72.0,82.36
2017-06-16,48.73,64.48,72.14,82.43
2017-06-19,48.78,64.49,71.99,82.21
2017-06-20,48.64,64.53,71.84,81.5
2017-06-21,48.47,64.52,71.93,81.75
2017-06-22,48.8,64.62,72.08,81.85
2017-06-23,48.61,64.5,72.21,82.08
2017-06-26,48.69,64.45,72.15,82.03
2017-06-27,48.9,64.49,72.92,82.44
2017-06-28,49.41,64.53,73.34,83.33
2017-06-29,49.68,64.65,73.86,83.97
2017-06-30,49.8,64.63,73.77,83.97
2017-07-04,50.05,64.77,73.5,83.71
2017-07-05,49.93,64.81,73.46,83.74
2017-07-06,50.0,64.73,73.83,83.86
2017-07-07,50.13,64.6,73.64,83.22
2017-07-10,50.02,64.47,73.48,83.03
2017-07-11,49.95,64.54,73.8,82.97
2017-07-12,50.4,64.49,73.65,83.1
2017-07-13,50.58,64.46,73.49,83.37
2017-07-14,50.81,64.39,73.76,84.11
2017-07-17,50.79,64.34,73.82,84.04
2017-07-18,50.94,64.33,74.41,83.85
2017-07-19,51.05,64.29,74.08,83.77
2017-07-20,51.15,64.37,74.7,83.5
2017-07-21,51.31,64.39,75.07,83.62
2017-07-24,51.47,64.4,74.96,83.91
2017-07-25,51.47,64.37,75.1,83.99
2017-07-26,51.47,64.36,75.0,84.05
2017-07-27,51.23,64.14,74.9,83.98
2017-07-28,51.52,64.13,75.32,84.12
2017-07-31,51.41,64.19,75.68,84.51
2017-08-01,51.2,64.08,75.67,84.69
2017-08-02,50.68,63.66,75.47,84.23
2017-08-03,50.63,63.69,75.58,83.64
2017-08-04,50.38,63.67,74.99,83.1
2017-08-08,50.25,63.68,74.93,82.7
2017-08-09,50.28,63.88,74.99,83.0
2017-08-10,50.43,64.1,75.32,83.24
2017-08-11,50.56,64.13,75.75,83.34
2017-08-14,50.45,64.1,75.56,83.16
2017-08-15,50.28,64.13,75.2,82.49
2017-08-16,50.53,64.17,75.21,82.55
2017-08-17,50.74,64.17,75.28,82.65
2017-08-18,50.94,64.12,75.33,82.51
2017-08-21,50.99,64.13,75.7,82.72
2017-08-22,51.05,64.07,75.34,82.2
2017-08-23,50.99,64.07,75.65,81.99
2017-08-24,51.1,64.02,75.57,82.0
2017-08-25,51.23,64.0,75.93,82.34
2017-08-28,51.2,63.91,76.44,82.62
2017-08-29,51.15,64.02,76.92,82.81
2017-08-30,50.76,63.98,76.19,82.68
2017-08-31,50.99,63.93,75.92,82.41
2017-09-01,51.68,64.03,76.07,83.0
2017-09-05,51.84,64.13,76.38,83.43
2017-09-06,52.25,64.08,76.43,83.64
2017-09-07,52.69,64.0,76.84,83.77
2017-09-08,52.58,63.79,76.77,84.2
2017-09-11,52.71,63.93,76.55,84.28
2017-09-12,52.66,64.03,76.56,84.99
2017-09-13,52.52,64.01,76.24,84.66
2017-09-14,52.58,64.13,76.27,85.8
2017-09-15,52.63,64.12,76.65,87.06
2017-09-18,52.41,64.14,76.63,86.69
2017-09-19,52.38,64.31,77.07,86.89
2017-09-20,52.38,64.29,76.99,87.08
2017-09-21,52.52,64.81,77.3,87.79
2017-09-22,52.6,64.79,77.48,87.69
2017-09-25,52.77,65.12,77.22,87.81
2017-09-26,52.91,65.45,77.14,87.94
2017-09-27,52.94,65.71,77.17,88.04
2017-09-28,52.58,65.46,77.14,87.95
2017-09-29,52.33,65.31,77.14,87.47
2017-10-02,52.22,65.3,76.69,86.69
2017-10-03,52.41,65.51,77.0,86.78
2017-10-04,52.11,65.03,76.49,86.26
2017-10-05,51.92,65.15,76.32,85.55
2017-10-06,52.11,65.39,76.64,85.37
2017-10-10,52.19,65.25,77.0,86.14
2017-10-11,52.14,65.16,77.19,86.06
2017-10-12,52.16,65.06,77.05,85.92
2017-10-13,51.89,64.8,76.7,86.18
2017-10-16,51.65,64.72,76.38,85.88
2017-10-17,51.81,65.02,76.44,85.69
2017-10-18,52.11,65.07,76.64,85.77
2017-10-19,52.08,64.99,76.93,85.6
2017-10-20,51.6,65.02,76.64,85.73
2017-10-23,51.41,65.01,76.35,85.77
2017-10-24,51.39,65.09,76.57,85.51
2017-10-25,50.84,64.93,76.63,86.04
2017-10-26,50.53,64.84,75.84,85.44
2017-10-27,50.53,65.05,75.42,85.29
2017-10-30,50.53,64.87,75.42,85.59
2017-10-31,50.23,64.76,75.41,85.86
2017-11-01,50.13,64.59,75.08,85.71
2017-11-02,50.38,64.59,75.31,84.52
2017-11-03,50.58,64.56,75.03,84.44
2017-11-06,50.71,64.63,74.97,84.91
2017-11-07,50.86,65.03,75.29,85.48
2017-11-08,51.02,64.94,75.29,85.11
2017-11-09,51.2,64.99,75.62,85.34
2017-11-10,51.39,65.17,76.0,86.05
2017-11-14,51.39,65.43,77.03,85.97
2017-11-15,51.1,65.27,77.07,85.95
2017-11-16,51.26,65.33,76.89,86.18
2017-11-17,50.86,65.02,76.69,85.87
2017-11-20,50.89,65.1,76.49,86.2
2017-11-21,50.79,64.9,76.16,85.92
2017-11-22,50.97,64.88,76.49,86.21
2017-11-23,50.79,64.58,76.52,85.93
2017-11-24,50.89,64.67,77.1,86.24
2017-11-27,50.63,64.48,76.86,86.02
2017-11-28,50.3,64.42,76.47,85.65
2017-11-29,50.05,64.33,76.23,86.31
2017-11-30,50.02,64.47,76.69,87.06
2017-12-01,50.68,64.52,76.71,87.0
2017-12-04,50.71,64.38,76.28,86.79
2017-12-05,50.76,64.37,76.1,86.49
2017-12-06,50.58,64.53,76.12,86.33
2017-12-07,50.28,64.57,76.12,86.7
2017-12-08,50.13,64.46,75.8,86.36
2017-12-11,50.08,64.37,75.9,85.95
2017-12-12,50.02,64.39,75.57,85.8
2017-12-13,50.15,64.45,75.87,86.16
2017-12-14,50.25,64.35,75.9,86.4
2017-12-15,49.93,64.07,75.43,85.38
2017-12-18,49.93,64.23,75.77,86.03
2017-12-19,49.68,64.01,75.72,85.55
2017-12-20,49.93,64.11,76.12,85.93
2017-12-21,50.28,64.02,75.97,85.58
2017-12-22,50.18,64.02,75.83,85.63
2017-12-27,50.74,64.13,76.32,85.98
2017-12-28,50.92,64.09,76.58,86.18
2017-12-29,50.92,63.87,76.64,86.36
2018-01-02,50.71,63.47,76.48,86.18
2018-01-03,50.68,63.52,76.37,85.91
2018-01-04,50.66,63.4,76.52,85.88
2018-01-05,51.1,63.38,76.32,85.96
2018-01-08,51.1,63.47,75.97,86.07
2018-01-09,51.12,63.67,75.94,86.11
2018-01-10,50.92,63.63,76.17,86.01
2018-01-11,50.81,63.69,76.67,86.19
2018-01-12,50.86,63.6,77.26,87.08
2018-01-15,51.12,63.51,77.92,87.63
2018-01-16,51.57,64.05,78.4,88.23
2018-01-17,51.41,63.88,78.16,88.43
2018-01-18,51.31,63.86,78.16,88.65
2018-01-19,51.23,63.83,78.1,88.49
2018-01-22,51.28,63.89,78.25,89.11
2018-01-23,51.2,63.77,78.31,89.17
2018-01-24,51.6,63.68,78.9,90.46
2018-01-25,51.57,63.55,79.23,90.55
2018-01-26,51.63,63.61,79.06,90.25
2018-01-29,51.55,63.58,78.64,89.44
2018-01-30,51.65,63.68,79.03,90.02
2018-01-31,51.71,63.56,79.04,90.14
2018-02-01,52.08,64.0,79.85,91.13
2018-02-02,51.79,64.11,79.85,90.68
2018-02-05,51.33,64.08,79.57,89.81
2018-02-06,51.28,64.26,79.46,89.47
2018-02-07,51.23,64.27,79.01,89.26
2018-02-08,51.07,64.27,78.8,89.75
2018-02-09,51.05,64.36,78.77,88.86
2018-02-12,51.02,64.3,78.9,88.88
2018-02-13,51.02,64.29,79.42,89.24
2018-02-14,51.02,64.09,79.42,89.34
2018-02-15,51.1,63.91,79.8,89.93
2018-02-16,51.2,64.21,79.85,90.11
2018-02-20,51.36,64.83,80.02,90.73
2018-02-21,51.12,64.78,79.8,90.37
2018-02-22,51.15,65.01,80.12,90.65
2018-02-23,51.1,64.73,79.61,90.48
2018-02-26,51.07,64.79,79.73,90.5
2018-02-27,50.92,64.87,79.5,90.24
2018-02-28,50.89,65.19,79.58,89.91
2018-03-01,50.74,65.2,79.57,89.63
2018-03-02,50.61,65.24,80.35,89.88
2018-03-05,50.15,65.08,80.21,90.04
2018-03-06,50.33,64.91,80.51,90.18
2018-03-07,50.1,64.86,80.47,90.08
2018-03-08,50.4,65.16,80.39,90.14
2018-03-09,50.74,65.14,80.21,90.25
2018-03-12,50.66,64.99,80.07,90.31
2018-03-13,50.23,64.85,80.3,90.56
2018-03-14,50.1,64.85,80.21,90.55
2018-03-15,49.85,64.97,80.07,90.63
2018-03-16,49.63,64.95,79.82,90.51
2018-03-19,49.85,65.2,80.38,91.58
2018-03-20,49.85,65.19,79.97,91.29
2018-03-21,50.33,65.21,80.13,91.82
2018-03-22,50.43,65.09,80.13,91.87
2018-03-23,50.56,64.99,80.29,91.95
2018-03-26,50.33,64.85,80.67,92.23
2018-03-27,50.48,64.96,80.55,91.89
2018-03-28,50.51,65.16,80.42,91.9
2018-03-29,50.51,65.12,80.14,91.44
2018-04-02,50.45,65.13,80.17,91.48
2018-04-03,50.74,65.0,79.76,91.36
2018-04-04,50.81,65.09,79.99,91.6
2018-04-05,50.81,64.92,79.46,90.91
2018-04-06,50.89,64.96,79.7,91.44
2018-04-09,51.02,64.94,79.99,91.8
2018-04-10,51.49,64.97,80.26,92.07
2018-04-11,51.87,65.27,80.77,92.61
2018-04-12,51.84,65.3,80.46,92.85
2018-04-13,51.81,65.27,80.47,93.02
2018-04-16,52.06,65.48,81.05,93.79
2018-04-17,52.3,65.65,81.11,93.9
2018-04-18,52.06,65.66,81.31,93.37
2018-04-19,52.11,65.83,81.35,93.32
2018-04-20,51.98,66.15,81.27,92.81
2018-04-23,51.79,66.46,81.21,92.69
2018-04-24,51.76,66.4,81.19,92.76
2018-04-25,52.03,66.96,81.55,93.33
2018-04-26,51.92,66.78,81.0,93.1
2018-04-27,51.87,66.69,80.69,91.89
2018-04-30,51.79,66.47,80.32,91.43
2018-05-01,51.81,66.67,80.04,90.84
2018-05-02,51.92,66.72,79.92,90.83
2018-05-03,51.87,66.71,79.92,90.57
2018-05-04,51.98,66.85,79.88,90.48
2018-05-07,52.19,67.14,80.04,91.02
2018-05-08,51.79,67.13,79.65,90.79
2018-05-09,52.36,67.31,79.86,91.34
2018-05-10,52.63,67.24,80.09,90.83
2018-05-11,52.69,67.33,80.45,91.27
2018-05-14,52.88,67.56,80.85,91.75
2018-05-15,52.88,68.09,80.71,91.92
2018-05-16,52.91,67.77,79.95,91.41
2018-05-17,52.94,67.77,79.95,91.55
2018-05-18,52.8,68.0,80.06,91.65
2018-05-22,53.22,68.05,80.18,91.42
2018-05-23,53.11,68.38,80.01,91.22
2018-05-24,53.02,68.35,80.18,91.52
2018-05-25,52.25,67.78,79.06,90.29
2018-05-28,51.84,67.4,78.35,89.7
2018-05-29,52.08,67.81,78.34,89.92
2018-05-30,52.3,67.45,78.53,89.62
2018-05-31,52.06,67.4,78.7,89.65
2018-06-01,51.71,67.03,78.2,89.41
2018-06-04,51.87,67.05,78.47,89.42
2018-06-05,51.65,67.11,78.48,89.75
2018-06-06,51.81,66.91,78.78,89.78
2018-06-07,51.87,67.28,79.51,90.27
2018-06-08,52.11,67.55,79.47,90.51
2018-06-11,51.92,67.46,79.56,90.27
2018-06-12,51.89,67.48,79.46,90.29
2018-06-13,52.06,67.61,79.62,90.35
2018-06-14,51.84,67.66,78.76,90.09
2018-06-15,51.65,68.06,79.02,90.39
2018-06-18,51.55,68.08,79.04,90.16
2018-06-19,51.47,68.33,79.05,90.01
2018-06-20,51.18,68.07,78.85,89.77
2018-06-21,51.05,67.94,78.83,90.01
2018-06-22,50.99,67.86,79.06,90.04
2018-06-25,51.2,68.12,79.66,90.43
2018-06-26,51.33,68.31,79.64,90.39
2018-06-27,51.55,68.59,79.48,90.17
2018-06-28,51.89,68.85,79.69,90.08
2018-06-29,52.0,68.48,79.88,90.26
2018-07-03,52.11,68.55,79.88,90.34
2018-07-04,52.27,68.7,80.06,90.85
2018-07-05,52.49,68.92,80.6,91.16
2018-07-06,52.52,68.83,80.84,91.3
2018-07-09,52.44,68.68,80.74,91.13
2018-07-10,52.41,68.79,80.68,91.26
2018-07-11,52.27,68.75,80.5,90.98
2018-07-12,52.03,68.5,79.99,90.56
2018-07-13,52.0,68.49,79.88,90.42
2018-07-16,52.19,68.56,80.3,90.8
2018-07-17,51.89,68.43,79.91,89.98
2018-07-18,51.98,68.63,79.89,89.58
2018-07-19,52.08,69.04,80.21,89.74
2018-07-20,52.33,68.77,80.54,90.16
2018-07-23,52.33,68.84,80.57,90.27
2018-07-24,52.41,68.96,80.62,90.59
2018-07-25,52.52,68.74,80.37,90.46
2018-07-26,52.55,68.65,80.09,90.18
2018-07-27,52.52,68.6,79.94,89.95
2018-07-30,52.69,68.6,80.32,90.12
2018-07-31,52.63,68.51,80.21,89.94
2018-08-01,52.58,68.36,79.79,89.72
2018-08-02,52.77,68.68,79.73,89.51
2018-08-03,52.83,68.58,79.47,89.25
2018-08-07,52.71,68.65,79.59,88.88
2018-08-08,52.6,68.66,79.65,88.43
2018-08-09,52.69,68.7,79.48,88.39
2018-08-10,52.52,68.87,78.63,87.89
2018-08-13,53.3,70.02,79.86,89.37
2018-08-14,53.45,69.95,79.47,89.11
2018-08-15,53.22,69.92,79.23,88.74
2018-08-16,53.33,70.14,79.79,89.18
2018-08-17,53.59,70.1,80.02,89.26
2018-08-20,53.45,69.83,79.93,89.2
2018-08-21,53.59,69.86,80.63,89.92
2018-08-22,53.68,69.87,81.03,90.23
2018-08-23,53.68,70.12,81.04,89.99
2018-08-24,53.68,69.97,81.29,89.94
2018-08-27,54.02,70.16,81.86,90.42
2018-08-28,54.26,70.09,82.09,90.35
2018-08-29,54.56,70.55,82.48,91.52
2018-08-30,54.5,70.74,82.5,92.02
2018-08-31,54.38,70.99,82.46,92.07
2018-09-04,54.32,71.6,82.81,91.96
2018-09-05,54.44,71.77,83.39,92.65
2018-09-06,54.56,71.95,83.67,93.09
2018-09-07,54.53,71.78,83.05,92.9
2018-09-10,55.04,72.44,84.02,94.31
2018-09-11,55.31,72.68,84.21,94.52
2018-09-12,55.46,72.18,83.87,94.08
2018-09-13,55.43,72.05,84.15,94.39
2018-09-14,55.16,71.89,83.75,94.03
2018-09-17,55.71,72.53,84.76,95.39
2018-09-18,56.12,72.91,85.18,95.85
2018-09-19,55.9,72.37,84.49,95.14
2018-09-20,55.8,72.01,84.71,95.5
2018-09-21,55.9,72.2,84.81,94.49
2018-09-24,56.18,72.67,85.54,95.43
2018-09-25,56.12,72.66,85.56,95.67
2018-09-26,55.96,72.61,85.3,95.66
2018-09-27,55.65,72.59,84.74,95.16
2018-09-28,56.02,72.52,84.15,94.54
2018-10-01,56.95,72.91,84.46,95.12
2018-10-02,56.88,72.91,84.19,94.61
2018-10-03,57.14,73.33,84.52,95.26
2018-10-04,57.08,73.63,84.75,95.83
2018-10-05,57.01,73.75,84.95,96.55
2018-10-09,57.34,74.34,85.31,97.46
2018-10-10,57.14,74.24,85.57,97.95
2018-10-11,56.79,74.04,85.71,97.87
2018-10-12,56.47,73.58,85.05,96.88
2018-10-15,56.79,73.78,85.48,97.05
2018-10-16,56.79,73.47,85.11,97.0
2018-10-17,56.59,73.54,84.77,96.54
2018-10-18,56.31,73.52,84.41,96.02
2018-10-19,55.99,73.37,84.34,95.76
2018-10-22,56.12,73.54,84.38,95.42
2018-10-23,56.15,73.54,84.39,95.56
2018-10-24,56.18,73.2,83.4,94.42
2018-10-25,56.02,73.25,83.35,94.03
2018-10-26,56.05,73.48,83.64,94.2
2018-10-29,55.96,73.41,83.58,94.04
2018-10-30,56.05,73.62,83.62,93.72
2018-10-31,56.27,73.96,83.71,94.4
2018-11-01,56.12,73.45,83.76,95.23
2018-11-02,55.28,72.44,82.59,94.01
2018-11-05,55.8,73.08,83.31,95.2
2018-11-06,55.56,72.94,83.28,95.45
2018-11-07,55.34,72.47,83.08,95.26
2018-11-08,55.19,72.37,82.56,94.78
2018-11-09,54.88,72.48,82.18,94.22
2018-11-13,54.85,72.63,81.88,94.23
2018-11-14,54.64,72.32,81.8,93.9
2018-11-15,54.5,71.95,81.44,91.92
2018-11-16,54.7,71.96,82.05,92.4
2018-11-19,54.32,71.6,81.97,92.03
2018-11-20,53.91,71.48,81.39,91.56
2018-11-21,53.73,71.31,81.27,91.18
2018-11-22,53.53,70.69,80.62,91.01
2018-11-23,53.42,70.66,80.13,90.56
2018-11-26,53.53,70.82,80.34,90.85
2018-11-27,53.28,70.8,80.01,90.22
2018-11-28,53.08,70.61,79.95,90.37
2018-11-29,52.58,69.79,79.43,89.19
2018-11-30,52.36,69.64,78.89,88.82
2018-12-03,53.39,70.43,79.91,89.65
2018-12-04,53.36,70.54,80.13,89.83
2018-12-05,52.83,70.54,80.03,89.9
2018-12-06,52.88,70.88,80.67,90.59
2018-12-07,53.28,70.85,80.74,90.3
2018-12-10,54.17,72.48,82.46,91.19
2018-12-11,53.91,72.25,81.87,90.64
2018-12-12,53.82,71.83,81.63,90.75
2018-12-13,53.56,71.55,81.26,90.49
2018-12-14,53.79,71.97,81.29,90.44
2018-12-17,53.45,71.61,81.26,90.35
2018-12-18,52.49,70.62,80.28,89.33
2018-12-19,52.25,70.27,80.19,88.86
2018-12-20,51.81,69.92,80.07,88.56
2018-12-21,51.68,70.11,79.86,88.67
2018-12-24,51.6,70.12,80.05,89.09
2018-12-27,51.57,70.35,80.36,88.94
2018-12-28,51.28,69.94,80.05,88.76
2018-12-31,51.1,69.71,79.78,89.11
2019-01-02,51.52,70.07,79.55,88.32
2019-01-03,51.95,70.14,79.88,88.48
2019-01-04,51.98,69.7,79.41,88.53
2019-01-07,52.38,69.74,79.97,89.04
2019-01-08,52.77,70.15,80.26,89.27
2019-01-09,53.3,70.47,81.18,89.99
2019-01-10,53.22,70.43,81.09,89.85
2019-01-11,53.11,70.41,80.84,90.34
2019-01-14,53.33,70.77,81.16,91.07
2019-01-15,53.56,71.06,81.09,90.89
2019-01-16,53.59,71.0,80.94,91.35
2019-01-17,53.48,71.09,80.96,92.01
2019-01-18,53.68,71.18,80.94,91.8
2019-01-21,53.56,71.22,80.96,91.76
2019-01-22,53.42,71.26,80.95,92.27
2019-01-23,53.36,71.23,81.05,93.03
2019-01-24,53.22,71.05,80.48,92.65
2019-01-25,53.5,70.93,80.82,93.33
2019-01-28,53.62,71.1,81.27,93.57
2019-01-29,53.76,71.32,81.49,93.78
2019-01-30,54.02,71.27,81.49,93.22
2019-01-31,54.0,70.97,81.35,93.11
2019-02-01,54.53,71.4,81.87,93.39
2019-02-04,54.62,71.69,81.98,93.59
2019-02-05,54.5,71.57,81.7,92.75
2019-02-06,54.26,71.57,81.42,92.69
2019-02-07,53.71,71.35,80.98,92.5
2019-02-08,53.68,71.23,80.71,92.19
2019-02-11,53.5,71.13,80.26,91.53
2019-02-12,53.28,70.58,79.86,90.98
2019-02-13,53.5,70.84,79.94,91.19
2019-02-14,53.48,71.11,80.29,91.0
2019-02-15,53.79,71.36,80.48,91.72
2019-02-19,53.88,71.33,80.81,92.9
2019-02-20,53.94,71.03,80.63,92.76
2019-02-21,53.91,71.14,80.66,92.84
2019-02-22,53.97,71.09,80.62,92.73
2019-02-25,53.79,70.87,80.46,92.68
2019-02-26,53.88,71.09,80.86,94.05
2019-02-27,54.14,71.17,80.96,94.75
2019-02-28,53.82,70.88,80.68,94.1
2019-03-01,53.48,70.91,80.66,93.76
2019-03-04,53.25,70.91,80.35,93.49
2019-03-05,52.88,70.57,79.8,92.76
2019-03-06,52.22,70.08,79.26,92.2
2019-03-07,52.14,70.06,78.64,91.8
2019-03-08,52.16,70.02,78.67,91.2
2019-03-11,52.08,69.86,78.53,91.52
2019-03-12,52.06,69.64,78.58,91.18
2019-03-13,52.19,69.55,78.65,91.8
2019-03-14,52.06,69.38,78.41,91.95
2019-03-15,51.71,68.99,78.11,91.59
2019-03-18,51.41,68.61,77.8,90.82
2019-03-19,51.92,69.01,78.35,91.58
2019-03-20,51.68,68.82,78.27,90.82
2019-03-21,51.41,68.72,78.12,89.97
2019-03-22,51.47,69.02,77.94,91.03
2019-03-25,51.33,68.89,77.98,90.94
2019-03-26,51.52,68.96,77.84,91.2
2019-03-27,51.52,69.11,77.8,91.41
2019-03-28,51.57,69.26,77.76,90.6
2019-03-29,51.76,69.17,77.65,90.16
2019-04-01,51.89,69.21,77.64,90.81
2019-04-02,51.65,68.93,77.17,90.06
2019-04-03,51.41,68.5,76.99,90.14
2019-04-04,51.71,69.06,77.48,90.4
2019-04-05,51.65,69.14,77.58,90.08
2019-04-08,52.22,69.58,78.37,90.85
2019-04-09,52.06,69.32,78.14,90.45
2019-04-10,51.89,69.15,77.89,90.52
2019-04-11,51.57,68.99,77.7,90.18
2019-04-12,51.92,69.21,78.26,90.63
2019-04-15,51.98,69.41,78.47,90.95
2019-04-16,52.06,69.55,78.54,90.82
2019-04-17,52.08,69.44,78.46,90.55
2019-04-18,51.87,69.41,78.0,90.22
2019-04-22,52.19,69.69,78.45,90.49
2019-04-23,51.98,69.76,78.22,90.33
2019-04-24,51.89,69.93,78.17,90.44
2019-04-25,52.06,70.24,78.22,90.58
2019-04-26,51.92,69.89,77.96,90.32
2019-04-29,51.89,69.83,77.99,90.25
2019-04-30,51.89,69.66,78.13,90.78
2019-05-01,51.84,69.55,78.12,90.93
2019-05-02,51.55,69.39,77.6,90.43
2019-05-03,51.47,69.11,77.31,90.64
2019-05-06,51.57,69.4,77.71,90.88
2019-05-07,51.65,69.61,77.83,90.87
2019-05-08,51.76,69.7,78.04,90.66
2019-05-09,52.03,70.15,78.7,91.29
2019-05-10,52.19,70.03,78.7,91.2
2019-05-13,52.47,70.6,79.37,91.67
2019-05-14,52.22,70.33,78.85,90.85
2019-05-15,52.25,70.28,78.71,90.35
2019-05-16,52.16,70.1,78.38,89.72
2019-05-17,52.16,70.26,78.45,89.48
2019-05-21,51.95,69.68,77.75,88.68
2019-05-22,51.98,69.7,77.79,88.26
2019-05-23,51.73,69.73,77.82,88.26
2019-05-24,51.63,69.42,77.77,88.14
2019-05-27,51.71,69.5,77.81,88.12
2019-05-28,51.63,69.58,77.76,88.14
2019-05-29,51.65,69.8,77.76,88.19
2019-05-30,51.73,69.84,77.76,88.1
2019-05-31,51.49,69.65,77.74,87.87
2019-06-03,51.36,69.18,77.61,87.46
2019-06-04,51.65,69.29,77.92,87.91
2019-06-05,51.76,69.36,78.03,88.16
2019-06-06,51.76,69.24,78.11,88.0
2019-06-07,52.25,69.4,78.63,88.44
2019-06-10,52.41,69.53,78.65,88.19
2019-06-11,52.27,69.41,78.59,88.27
2019-06-12,52.14,69.36,78.43,88.17
2019-06-13,52.19,69.54,78.43,88.22
2019-06-14,52.14,69.79,78.33,87.98
2019-06-17,52.11,69.86,78.46,87.79
2019-06-18,51.98,69.62,77.93,87.3
2019-06-19,52.22,69.68,78.16,87.98
2019-06-20,52.69,69.5,78.49,88.23
2019-06-21,52.69,69.61,78.93,88.41
2019-06-24,52.55,69.33,78.98,88.27
2019-06-25,52.6,69.3,78.87,88.09
2019-06-26,52.71,69.21,78.71,87.82
2019-06-27,52.66,69.04,78.48,87.57
2019-06-28,52.69,68.95,78.44,87.59
2019-07-02,52.55,68.91,77.86,86.91
2019-07-03,52.63,68.81,77.64,86.53
2019-07-04,52.47,68.52,77.3,86.19
2019-07-05,52.27,68.47,76.85,85.69
2019-07-08,52.41,68.56,76.89,85.79
2019-07-09,52.25,68.58,76.87,85.48
2019-07-10,52.25,68.4,76.95,85.53
2019-07-11,52.33,68.4,77.01,85.75
2019-07-12,52.63,68.62,77.26,86.16
2019-07-15,52.55,68.52,77.16,85.8
2019-07-16,52.63,68.69,77.03,85.28
2019-07-17,52.74,68.84,77.26,85.57
2019-07-18,52.69,68.86,77.34,86.03
2019-07-19,52.66,68.83,77.25,86.09
2019-07-22,52.6,68.93,77.31,86.02
2019-07-23,52.49,68.99,76.96,85.84
2019-07-24,52.49,68.96,76.84,86.14
2019-07-25,52.49,69.01,76.94,86.05
2019-07-26,52.25,68.87,76.64,85.38
2019-07-29,52.25,68.75,76.56,84.14
2019-07-30,52.27,68.83,76.75,83.73
2019-07-31,52.36,68.84,76.58,83.99
2019-08-01,52.25,69.05,76.39,83.77
2019-08-02,52.66,69.64,77.34,84.54
2019-08-06,53.53,70.95,79.4,86.29
2019-08-07,53.33,71.05,79.71,86.32
2019-08-08,53.22,70.55,79.02,85.62
2019-08-09,53.62,70.89,79.43,85.55
2019-08-12,53.85,71.27,79.91,86.1
2019-08-13,53.97,71.43,79.91,86.2
2019-08-14,53.56,71.3,79.5,86.0
2019-08-15,53.85,71.76,79.74,86.94
2019-08-16,53.56,71.16,78.9,86.48
2019-08-19,53.73,71.46,79.27,86.69
2019-08-20,53.73,71.59,79.4,86.94
2019-08-21,53.82,71.46,79.3,86.72
2019-08-22,54.11,71.93,79.73,88.06
2019-08-23,53.79,71.6,79.58,87.78
2019-08-26,54.23,72.01,80.01,88.05
2019-08-27,53.91,71.52,79.36,87.87
2019-08-28,53.97,71.78,79.54,87.72
2019-08-29,53.91,71.68,79.28,87.41
2019-08-30,53.73,71.44,78.61,86.97
2019-09-03,54.14,72.24,79.19,87.21
2019-09-04,54.29,72.0,79.38,87.84
2019-09-05,54.32,71.85,79.38,88.58
2019-09-06,54.41,71.68,79.12,88.19
2019-09-09,54.5,71.69,79.24,88.57
2019-09-10,54.67,71.91,79.4,88.84
2019-09-11,54.35,71.64,78.82,88.33
2019-09-12,53.79,71.03,78.42,87.64
2019-09-13,53.56,71.01,78.65,88.49
2019-09-16,54.02,71.57,78.8,88.96
2019-09-17,54.0,71.58,79.13,89.32
2019-09-18,53.62,71.16,78.65,88.79
2019-09-19,53.79,71.32,78.84,89.17
2019-09-20,53.5,71.03,78.23,88.67
2019-09-23,53.39,70.85,77.86,88.05
2019-09-24,53.53,70.93,78.07,88.53
2019-09-25,53.53,71.04,77.85,87.85
2019-09-26,53.5,70.95,77.6,87.58
2019-09-27,53.19,70.47,77.11,86.74
2019-09-30,53.39,70.7,77.08,86.97
2019-10-01,53.71,71.13,77.68,87.23
2019-10-02,53.53,71.17,77.92,87.52
2019-10-03,53.28,71.02,77.95,87.87
2019-10-04,53.22,70.87,77.8,87.29
2019-10-07,53.33,70.97,77.95,87.39
2019-10-08,53.45,71.21,78.05,86.96
2019-10-09,53.36,71.1,78.05,86.85
2019-10-10,53.42,71.01,78.23,87.65
2019-10-11,53.76,70.96,78.37,89.84
2019-10-15,54.11,71.49,78.79,90.96
2019-10-16,54.08,71.4,78.98,91.57
2019-10-17,54.11,71.12,79.1,91.36
2019-10-18,54.11,71.06,79.24,91.75
2019-10-21,54.11,70.87,79.04,92.0
2019-10-22,54.11,70.86,78.9,91.6
2019-10-23,54.11,70.81,78.76,91.26
2019-10-24,54.29,70.98,78.88,91.26
2019-10-25,54.2,70.81,78.5,90.8
2019-10-28,54.17,70.73,78.48,90.93
2019-10-29,54.2,70.87,78.7,91.2
2019-10-30,53.97,70.98,78.91,91.4
2019-10-31,53.94,70.98,79.13,91.88
2019-11-01,53.79,70.77,78.98,91.62
2019-11-04,53.82,70.76,78.86,91.29
2019-11-05,53.82,70.79,78.42,91.19
2019-11-06,53.85,70.97,78.6,91.31
2019-11-07,53.91,71.03,78.51,91.06
2019-11-08,53.94,71.32,78.62,91.24
2019-11-12,54.23,71.74,79.01,92.19
2019-11-13,54.44,72.12,79.37,92.6
2019-11-14,54.29,71.98,79.26,92.6
2019-11-15,54.14,71.64,79.14,92.41
2019-11-18,54.41,71.89,79.61,93.18
2019-11-19,54.23,71.78,79.53,92.82
2019-11-20,53.94,71.76,79.41,92.68
2019-11-21,54.0,71.73,79.39,92.68
2019-11-22,54.0,71.74,79.16,92.12
2019-11-25,53.88,71.7,78.94,92.43
2019-11-26,53.82,71.52,78.8,91.95
2019-11-27,53.71,71.31,78.45,91.92
2019-11-28,53.85,71.54,78.75,92.36
2019-11-29,53.97,71.72,78.97,92.67
2019-12-02,53.88,71.64,79.28,92.68
2019-12-03,53.94,71.75,79.51,93.26
2019-12-04,54.05,71.48,79.22,93.61
2019-12-05,54.08,71.25,79.08,93.7
2019-12-06,53.76,71.26,78.81,93.55
2019-12-09,53.68,71.04,78.63,93.44
2019-12-10,53.53,70.84,78.54,93.38
2019-12-11,53.59,70.74,78.52,93.24
2019-12-12,53.62,70.68,78.61,92.83
2019-12-13,53.68,70.76,78.79,94.39
2019-12-16,53.97,70.92,79.04,94.61
2019-12-17,53.97,71.02,79.21,93.29
2019-12-18,54.11,70.99,78.93,92.85
2019-12-19,54.2,71.12,79.1,92.67
2019-12-20,54.02,71.12,78.79,92.67
2019-12-23,54.14,71.25,79.0,92.13
2019-12-24,54.17,71.27,79.0,92.34
2019-12-27,54.64,71.46,79.84,93.57
2019-12-30,54.62,71.32,79.91,93.62
2019-12-31,54.95,71.36,80.13,94.36
2020-01-02,54.91,71.35,79.74,93.82
2020-01-03,55.25,71.76,80.09,93.88
2020-01-06,55.43,71.9,80.46,94.59
2020-01-07,55.25,71.87,80.12,94.31
2020-01-08,54.91,71.53,79.52,93.76
2020-01-09,54.44,71.2,79.07,92.95
2020-01-10,54.35,70.93,78.83,92.65
2020-01-13,54.23,70.76,78.79,91.91
2020-01-14,54.23,70.84,78.8,92.16
2020-01-15,54.2,70.73,78.88,92.12
2020-01-16,54.41,70.97,79.06,92.71
2020-01-17,54.41,71.07,78.85,92.58
2020-01-20,54.41,71.02,78.73,92.32
2020-01-21,54.47,71.17,78.99,92.91
2020-01-22,54.2,71.09,78.81,93.36
2020-01-23,54.32,71.39,78.94,93.61
2020-01-24,54.26,71.3,78.64,93.27
2020-01-27,54.2,71.45,78.73,93.28
2020-01-28,54.05,71.24,78.43,92.61
2020-01-29,54.05,71.33,78.49,92.79
2020-01-30,54.14,71.56,78.93,93.68
2020-01-31,54.05,71.53,79.21,94.24
2020-02-03,53.73,71.33,78.89,92.82
2020-02-04,53.59,71.16,78.57,92.72
2020-02-05,53.56,71.18,78.32,92.51
2020-02-06,53.56,71.18,78.18,92.12
2020-02-07,53.73,71.49,78.31,92.33
2020-02-10,53.53,71.3,77.88,92.15
2020-02-11,53.62,71.27,77.8,92.31
2020-02-12,53.79,71.3,77.63,92.45
2020-02-13,53.76,71.27,77.3,92.99
2020-02-14,53.97,71.5,77.54,93.17
2020-02-18,53.97,71.55,77.31,93.11
2020-02-19,54.08,71.56,77.24,92.59
2020-02-20,54.08,71.68,77.4,92.3
2020-02-21,54.38,71.91,77.98,93.19
2020-02-24,54.17,71.93,78.04,92.95
2020-02-25,54.02,71.75,77.96,93.25
2020-02-26,53.79,71.58,77.87,92.47
2020-02-27,53.65,71.68,78.71,92.36
2020-02-28,54.0,72.51,79.73,92.82
2020-03-02,54.53,72.82,81.19,93.07
2020-03-03,54.76,73.18,81.66,93.71
2020-03-04,54.82,73.42,81.7,94.25
2020-03-05,54.79,73.51,82.31,95.06
2020-03-06,55.13,73.99,83.72,96.28
2020-03-09,54.56,74.18,84.88,97.3
2020-03-10,54.0,74.14,84.08,96.12
2020-03-11,53.62,73.7,83.28,95.01
2020-03-12,53.82,74.38,83.1,93.79
2020-03-13,53.11,73.82,81.94,91.66
2020-03-16,53.05,74.08,82.62,90.84
2020-03-17,52.33,74.18,81.5,89.57
2020-03-18,51.36,74.45,81.01,87.27
2020-03-19,51.65,74.87,80.35,87.01
2020-03-20,52.55,75.31,80.54,88.33
2020-03-23,52.69,76.3,82.11,88.16
2020-03-24,52.6,76.23,82.24,89.52
2020-03-25,53.39,76.36,82.73,90.14
2020-03-26,53.28,75.0,82.51,90.62
2020-03-27,53.65,75.41,83.29,93.1
2020-03-30,53.28,75.42,83.18,93.49
2020-03-31,53.14,75.38,82.81,93.54
2020-04-01,53.53,76.11,83.18,94.34
2020-04-02,53.88,76.4,82.95,94.62
2020-04-03,53.91,76.24,82.3,93.43
2020-04-06,53.85,76.07,82.13,93.5
2020-04-07,54.08,75.64,82.45,93.36
2020-04-08,54.2,76.06,82.68,94.25
2020-04-09,54.56,76.3,83.34,95.03
2020-04-13,54.7,76.24,83.2,95.37
2020-04-14,54.73,76.1,83.49,95.92
2020-04-15,54.35,76.55,83.48,95.78
2020-04-16,54.38,76.79,83.37,95.69
2020-04-17,54.53,76.54,83.22,95.63
2020-04-20,54.35,76.55,83.2,95.32
2020-04-21,54.17,76.94,83.49,94.53
2020-04-22,54.02,76.47,82.85,94.27
2020-04-23,54.0,75.93,81.99,93.83
2020-04-24,54.11,76.24,82.33,94.12
2020-04-27,54.23,76.21,82.58,94.64
2020-04-28,54.35,75.97,82.39,94.57
2020-04-29,54.23,75.5,81.98,93.9
2020-04-30,53.97,75.07,81.95,94.31
2020-05-01,53.85,75.75,83.21,94.79
2020-05-04,53.71,75.64,82.55,94.04
2020-05-05,53.97,75.73,82.16,94.29
2020-05-06,53.82,76.02,82.15,93.96
2020-05-07,54.08,75.8,81.89,93.51
2020-05-08,54.23,75.56,81.94,93.77
2020-05-11,54.14,75.86,82.06,93.57
2020-05-12,53.59,75.11,81.57,92.46
2020-05-13,53.53,75.34,81.66,92.28
2020-05-14,53.62,75.55,81.53,92.15
2020-05-15,53.79,75.82,82.02,92.01
2020-05-19,54.47,75.67,82.77,92.73
2020-05-20,54.38,75.54,82.95,92.54
2020-05-21,54.23,75.57,82.87,92.42
2020-05-22,54.2,75.96,82.78,92.5
2020-05-25,54.26,75.88,82.69,92.51
2020-05-26,54.67,75.47,82.85,93.13
2020-05-27,55.04,75.84,83.35,92.91
2020-05-28,54.98,75.67,83.69,93.19
2020-05-29,54.82,75.59,83.96,93.22
2020-06-01,55.43,75.55,84.05,94.11
2020-06-02,55.56,75.08,83.89,94.19
2020-06-03,55.8,75.36,84.6,94.84
2020-06-04,55.87,75.46,85.36,94.99
2020-06-05,56.31,75.61,85.44,95.9
2020-06-08,56.4,75.48,85.28,95.83
2020-06-09,56.24,75.49,85.58,96.02
2020-06-10,56.47,75.61,85.97,96.52
2020-06-11,56.02,75.93,86.18,95.9
2020-06-12,55.9,76.0,85.57,95.27
2020-06-15,55.87,76.0,85.74,95.48
2020-06-16,56.21,76.21,85.89,96.03
2020-06-17,56.24,76.24,85.62,95.62
2020-06-18,56.18,76.34,85.61,94.88
2020-06-19,56.09,76.2,85.37,94.26
2020-06-22,55.99,75.84,85.31,94.38
2020-06-23,55.87,75.51,85.49,94.48
2020-06-24,55.65,75.63,85.23,94.15
2020-06-25,55.4,75.6,84.81,93.84
2020-06-26,55.31,75.64,84.87,93.41
2020-06-29,55.19,75.51,84.93,92.8
2020-06-30,55.43,75.54,84.84,93.3
2020-07-02,55.04,74.77,84.09,93.3
2020-07-03,55.04,74.66,83.91,93.07
2020-07-06,55.1,74.62,84.44,93.25
2020-07-07,55.07,74.8,84.45,93.93
2020-07-08,55.37,74.96,84.89,94.37
2020-07-09,55.4,75.1,84.92,94.84
2020-07-10,55.31,75.19,84.99,94.98
2020-07-13,55.4,75.16,85.36,94.73
2020-07-14,55.37,75.39,85.9,94.53
2020-07-15,55.52,75.15,85.8,94.7
2020-07-16,55.49,75.16,85.74,94.51
2020-07-17,55.22,74.95,85.7,94.05
2020-07-20,55.22,74.78,85.52,94.57
2020-07-21,55.46,74.58,85.7,94.96
2020-07-22,55.56,74.56,86.33,94.88
2020-07-23,55.87,74.82,86.74,95.22
2020-07-24,55.71,74.77,86.95,95.56
2020-07-27,55.9,74.78,87.89,96.25
2020-07-28,55.99,74.88,87.81,96.8
2020-07-29,56.05,74.89,88.12,97.2
2020-07-30,55.74,74.87,88.36,97.75
2020-07-31,55.87,74.88,88.44,98.27
2020-08-04,56.15,75.08,88.33,97.93
2020-08-05,56.4,74.8,88.84,98.23
2020-08-06,56.34,74.88,88.81,98.48
2020-08-07,56.09,75.03,88.42,97.92
2020-08-10,56.09,74.9,88.06,97.94
2020-08-11,56.15,74.63,87.82,97.68
2020-08-12,56.4,74.75,88.13,97.45
2020-08-13,56.63,74.84,88.49,97.9
2020-08-14,56.53,74.9,88.63,98.15
2020-08-17,56.59,74.74,88.69,97.9
2020-08-18,56.66,74.62,89.05,98.69
2020-08-19,56.82,74.84,89.02,98.57
2020-08-20,56.88,75.06,88.92,98.82
2020-08-21,56.75,74.94,88.26,98.1
2020-08-24,56.15,74.15,87.59,97.0
2020-08-25,56.27,74.25,87.78,97.53
2020-08-26,56.43,74.24,87.72,97.91
2020-08-27,56.31,73.92,87.34,97.61
2020-08-28,55.87,73.17,87.02,97.48
2020-08-31,56.18,73.27,87.49,97.88
2020-09-01,55.9,72.97,87.15,97.89
2020-09-02,56.05,73.25,86.72,97.58
2020-09-03,55.93,73.39,86.9,97.4
2020-09-04,55.96,73.25,86.61,96.98
2020-09-08,55.96,73.82,87.03,96.14
2020-09-09,55.71,73.39,86.64,95.32
2020-09-10,55.77,73.41,87.1,94.46
2020-09-11,55.71,73.46,86.97,94.01
2020-09-14,55.74,73.44,87.19,94.54
2020-09-15,55.87,73.61,87.27,94.84
2020-09-16,55.83,73.52,87.01,95.42
2020-09-17,55.77,73.62,87.02,95.22
2020-09-18,55.77,73.54,87.16,95.21
2020-09-21,55.37,73.6,86.51,94.27
2020-09-22,55.22,73.5,86.13,93.7
2020-09-23,55.07,73.56,85.9,93.72
2020-09-24,55.28,73.93,86.19,94.23
2020-09-25,55.01,73.69,85.67,93.72
2020-09-28,55.16,73.79,86.06,94.86
2020-09-29,55.1,73.78,86.53,94.84
2020-09-30,55.16,73.57,86.22,94.86
2020-10-01,55.07,73.19,85.97,94.4
2020-10-02,55.1,73.33,85.91,94.84
2020-10-05,55.1,73.11,86.12,94.85
2020-10-06,55.31,73.41,86.49,95.03
2020-10-07,55.22,73.3,86.27,94.58
2020-10-08,55.46,73.32,86.17,94.8
2020-10-09,55.59,73.02,86.29,94.95
2020-10-13,55.9,73.41,86.26,95.19
2020-10-14,55.74,73.24,86.1,95.42
2020-10-15,55.52,73.46,85.95,94.86
2020-10-16,55.65,73.41,86.06,94.85
2020-10-19,55.68,73.3,86.36,95.17
2020-10-20,55.93,73.48,86.89,95.11
2020-10-21,56.12,73.64,87.38,96.75
2020-10-22,56.05,73.67,87.1,96.43
2020-10-23,56.18,73.82,87.46,96.3
2020-10-26,56.05,74.0,87.43,96.35
2020-10-27,55.93,73.62,87.07,96.11
2020-10-28,55.74,74.15,87.06,96.22
2020-10-29,55.74,74.41,86.88,96.15
2020-10-30,55.99,74.57,86.97,96.61
2020-11-02,56.21,74.52,86.68,96.18
2020-11-03,56.72,74.56,87.33,97.17
2020-11-04,56.63,74.39,87.15,96.66
2020-11-05,56.66,73.94,87.41,96.89
2020-11-06,56.75,74.0,87.91,97.3
2020-11-09,57.01,73.95,87.55,97.28
2020-11-10,57.08,74.3,87.79,98.41
2020-11-12,56.88,74.65,88.12,98.04
2020-11-13,56.75,74.61,88.24,98.3
2020-11-16,56.88,74.43,88.11,98.17
2020-11-17,56.85,74.44,88.35,98.65
2020-11-18,56.75,74.14,87.97,98.5
2020-11-19,56.69,74.17,87.86,98.16
2020-11-20,56.72,74.14,87.94,98.47
2020-11-23,56.72,74.2,87.92,98.91
2020-11-24,56.85,74.09,87.96,98.85
2020-11-25,56.75,73.8,87.89,98.67
2020-11-26,56.72,73.81,87.88,98.5
2020-11-27,57.01,74.03,88.46,98.62
2020-11-30,57.08,74.0,88.52,98.78
2020-12-01,56.79,73.55,88.46,98.5
2020-12-02,57.01,73.74,89.14,98.38
2020-12-03,57.31,73.81,89.68,99.43
2020-12-04,57.64,73.78,89.61,99.42
2020-12-07,57.7,73.87,89.61,98.56
2020-12-08,57.54,73.69,89.26,98.38
2020-12-09,57.57,73.71,89.07,98.78
2020-12-10,57.9,73.73,89.42,98.0
2020-12-11,57.77,73.77,89.38,97.44
2020-12-14,57.7,73.61,89.45,98.25
2020-12-15,57.84,73.58,89.42,98.68
2020-12-16,57.74,73.63,89.68,99.37
2020-12-17,57.84,73.56,90.16,100.01
2020-12-18,57.57,73.55,90.03,99.3
2020-12-21,57.6,74.01,90.48,98.89
2020-12-22,57.21,73.84,89.99,98.67
2020-12-23,57.37,73.76,89.9,99.53
2020-12-24,57.31,73.55,89.65,99.78
2020-12-29,57.31,73.39,89.9,99.05
2020-12-30,57.27,73.13,89.87,99.5
2020-12-31,57.34,73.0,89.5,99.66
2021-01-04,57.31,73.07,89.63,99.23
2021-01-05,57.57,73.15,89.87,99.56
2021-01-06,57.67,73.15,90.05,99.46
2021-01-07,57.77,73.41,90.06,99.6
2021-01-08,57.7,73.31,89.7,99.54
2021-01-11,57.47,73.49,89.36,99.24
2021-01-12,57.47,73.25,89.16,99.81
2021-01-13,57.54,73.13,88.95,99.78
2021-01-14,57.77,73.1,88.76,99.92
2021-01-15,57.47,73.14,88.47,99.45
2021-01-18,57.37,73.22,88.4,99.37
2021-01-19,57.47,73.19,88.75,99.69
2021-01-20,57.64,72.95,88.29,99.57
2021-01-21,57.8,72.99,88.71,100.14
2021-01-22,57.41,73.0,88.83,99.79
2021-01-25,57.27,72.96,88.56,99.73
2021-01-26,57.41,72.92,88.67,100.09
2021-01-27,57.18,73.04,88.39,100.05
2021-01-28,56.95,72.95,88.47,100.07
2021-01-29,57.01,72.86,88.44,99.97
2021-02-01,57.05,73.15,88.35,100.05
2021-02-02,56.92,72.95,87.74,99.56
2021-02-03,56.98,72.84,87.57,99.4
2021-02-04,56.88,72.97,87.36,99.73
2021-02-05,57.01,72.84,87.63,99.97
2021-02-08,57.18,72.92,87.84,100.11
2021-02-09,57.31,72.89,88.22,100.54
2021-02-10,57.41,72.84,88.36,100.85
2021-02-11,57.31,72.7,88.21,100.46
2021-02-12,57.11,72.59,87.93,100.46
2021-02-16,57.44,72.85,88.24,101.29
2021-02-17,57.31,72.85,87.71,100.93
2021-02-18,57.21,72.63,87.75,101.41
2021-02-19,57.47,72.49,87.89,101.61
2021-02-22,57.47,72.49,88.1,101.93
2021-02-23,57.5,72.47,88.05,102.15
2021-02-24,57.7,72.41,87.91,102.18
2021-02-25,58.04,72.72,88.79,102.5
2021-02-26,58.28,73.92,89.44,103.1
2021-03-01,58.0,73.44,88.47,102.29
2021-03-02,58.07,73.32,88.47,102.27
2021-03-03,57.7,72.89,87.94,101.77
2021-03-04,57.57,72.75,87.39,101.46
2021-03-05,57.77,73.18,87.22,101.21
2021-03-08,57.94,73.35,87.0,101.45
2021-03-09,57.7,72.91,86.72,101.3
2021-03-10,57.6,72.79,86.69,101.25
2021-03-11,57.87,72.69,87.0,101.57
2021-03-12,58.21,72.72,86.84,101.12
2021-03-15,58.14,72.56,86.53,100.83
2021-03-16,58.24,72.54,86.38,100.75
2021-03-17,58.24,72.6,86.53,100.9
2021-03-18,58.31,72.64,86.61,101.2
2021-03-19,57.94,72.46,86.21,100.49
2021-03-22,57.84,72.37,86.35,100.25
2021-03-23,57.7,72.49,86.02,99.87
2021-03-24,57.8,72.61,85.87,99.55
2021-03-25,57.64,72.66,85.64,99.73
2021-03-26,57.74,72.63,85.63,100.14
2021-03-29,57.77,72.76,85.67,100.33
2021-03-30,58.14,73.44,86.09,100.8
2021-03-31,58.17,73.15,85.86,100.86
2021-04-01,58.38,73.35,86.29,101.37
2021-04-05,58.55,73.33,86.55,101.9
2021-04-06,58.51,73.49,87.06,101.67
2021-04-07,58.96,74.39,88.41,102.32
2021-04-08,59.28,74.56,88.78,102.5
2021-04-09,59.59,74.76,88.92,102.6
2021-04-12,59.77,75.03,89.37,103.15
2021-04-13,59.99,75.31,89.89,103.48
2021-04-14,59.92,75.09,89.9,103.49
2021-04-15,59.74,74.85,89.59,103.19
2021-04-16,59.56,74.47,89.21,102.91
2021-04-19,59.81,74.87,90.09,104.63
2021-04-20,59.95,75.37,90.73,105.13
2021-04-21,60.24,75.44,90.7,105.05
2021-04-22,60.06,75.08,90.23,103.95
2021-04-23,60.02,74.96,90.52,103.94
2021-04-26,60.24,74.77,90.34,103.86
2021-04-27,60.13,74.58,90.11,103.72
2021-04-28,60.28,74.48,90.06,103.59
2021-04-29,60.28,74.09,89.8,103.35
2021-04-30,60.24,74.01,89.14,102.43
2021-05-03,60.17,73.88,89.1,102.74
2021-05-04,59.95,73.83,88.75,102.45
2021-05-05,60.17,73.84,88.6,102.68
2021-05-06,60.39,73.67,88.82,102.32
2021-05-07,60.31,73.32,89.03,102.44
2021-05-10,60.68,73.39,89.24,103.74
2021-05-11,60.68,73.4,89.26,103.85
2021-05-12,60.75,73.49,88.82,103.52
2021-05-13,60.5,73.5,88.79,103.19
2021-05-14,60.5,73.25,88.91,103.24
2021-05-17,60.68,73.31,89.08,103.53
2021-05-18,60.61,73.04,89.24,103.68
2021-05-19,60.5,73.2,89.35,103.56
2021-05-20,60.53,73.06,89.25,103.5
2021-05-21,60.39,72.83,88.73,103.18
2021-05-25,60.35,72.76,89.12,102.9
2021-05-26,60.06,72.73,88.79,102.77
2021-05-27,60.13,72.6,88.53,102.97
2021-05-28,59.95,72.46,88.27,102.73
2021-05-31,60.06,72.5,88.58,102.92
2021-06-01,60.5,72.84,89.1,103.19
2021-06-02,60.57,73.0,89.09,103.43
2021-06-03,60.31,73.0,88.59,103.02
2021-06-04,60.31,72.88,88.66,103.28
2021-06-07,60.31,72.82,88.74,103.24
2021-06-08,60.28,72.92,88.81,103.17
2021-06-09,60.31,72.95,88.91,103.06
2021-06-10,60.42,73.08,88.96,103.44
2021-06-11,60.28,73.22,88.66,103.37
2021-06-14,60.28,73.19,88.72,103.29
2021-06-15,60.17,73.33,88.89,103.24
2021-06-16,60.13,73.31,88.68,103.27
2021-06-17,60.1,74.16,88.41,103.31
2021-06-18,59.67,74.1,87.98,102.47
2021-06-21,59.92,74.16,88.32,103.18
2021-06-22,60.17,74.34,88.6,103.51
2021-06-23,60.35,74.15,88.56,103.62
2021-06-24,60.2,74.15,88.49,103.2
2021-06-25,60.31,74.15,88.57,103.06
2021-06-28,60.24,74.31,88.61,103.22
2021-06-29,59.99,74.29,88.38,102.81
2021-06-30,59.99,74.35,88.18,102.74
2021-07-02,60.35,74.55,88.34,102.88
2021-07-05,60.2,74.31,88.18,102.93
2021-07-06,59.92,74.57,88.18,102.98
2021-07-07,59.92,74.75,88.24,103.15
2021-07-08,59.63,74.78,88.58,102.98
2021-07-09,59.74,74.53,88.45,103.29
2021-07-12,59.81,74.59,88.45,103.49
2021-07-13,59.59,74.58,88.04,103.14
2021-07-14,59.63,74.52,88.12,103.32
2021-07-15,59.28,74.52,88.01,103.12
2021-07-16,59.24,74.6,88.09,102.86
2021-07-19,58.69,74.88,88.35,102.45
2021-07-20,58.62,74.62,87.85,101.58
2021-07-21,59.17,74.49,87.82,101.95
2021-07-22,59.24,74.45,87.7,102.48
2021-07-23,59.21,74.45,87.62,102.42
2021-07-26,59.28,74.39,87.81,102.77
2021-07-27,59.21,74.47,88.05,103.22
2021-07-28,59.28,74.49,87.96,103.37
2021-07-29,59.63,74.24,88.23,103.69
2021-07-30,59.67,74.36,88.23,103.48
2021-08-03,59.17,74.23,88.1,103.25
2021-08-04,59.14,74.19,87.92,103.21
2021-08-05,59.31,74.12,87.76,103.24
2021-08-06,59.1,74.17,87.28,102.96
2021-08-09,59.17,74.35,87.36,103.04
2021-08-10,59.38,74.47,87.26,103.08
2021-08-11,59.38,74.26,87.18,102.97
2021-08-12,59.35,74.3,87.19,102.72
2021-08-13,59.35,74.27,87.55,102.9
2021-08-16,59.03,74.2,87.38,102.75
2021-08-17,58.93,74.38,87.21,102.26
2021-08-18,58.82,74.29,86.99,102.21
2021-08-19,58.14,74.37,86.92,101.6
2021-08-20,57.84,74.36,86.9,101.28
2021-08-23,58.45,74.12,87.0,101.65
2021-08-24,58.82,74.16,87.14,101.78
2021-08-25,58.82,74.23,87.25,101.94
2021-08-26,58.62,74.16,87.18,101.68
2021-08-27,58.21,73.54,86.67,101.16
2021-08-30,58.17,73.32,86.49,100.86
2021-08-31,57.8,72.93,86.16,100.38
2021-09-01,57.9,73.0,86.46,100.61
2021-09-02,58.07,73.01,86.61,100.91
2021-09-03,58.31,72.99,86.76,101.2
2021-09-07,58.21,73.46,87.04,101.27
2021-09-08,58.21,73.78,87.22,101.58
2021-09-09,58.14,73.57,87.01,101.85
2021-09-10,58.17,73.48,86.88,101.8
2021-09-13,58.14,73.62,86.87,101.85
2021-09-14,58.17,73.65,87.06,102.01
2021-09-15,58.11,73.51,86.84,101.69
2021-09-16,58.04,73.56,86.5,101.42
2021-09-17,57.87,73.62,86.44,101.3
2021-09-20,57.41,73.64,86.33,100.6
2021-09-21,57.6,73.74,86.48,100.74
2021-09-22,57.87,73.82,86.58,100.73
2021-09-23,58.28,73.74,86.56,101.26
2021-09-24,58.21,73.81,86.46,100.93
2021-09-27,58.45,73.86,86.43,101.24
2021-09-28,58.51,74.2,86.66,100.46
2021-09-29,58.31,74.29,86.3,99.84
2021-10-01,58.62,74.17,86.03,100.55
2021-10-04,59.14,74.41,86.5,101.28
2021-10-05,59.28,74.54,86.47,101.59
2021-10-06,59.35,74.85,86.43,101.6
2021-10-07,59.59,74.84,86.5,101.91
2021-10-08,60.06,74.97,86.73,102.16
2021-10-12,60.57,75.48,87.07,102.61
2021-10-13,60.57,75.38,87.24,102.8
2021-10-14,60.75,75.16,87.14,102.9
2021-10-15,60.57,74.98,86.96,103.11
2021-10-18,60.86,75.32,87.44,103.42
2021-10-19,60.75,75.07,87.4,103.65
2021-10-20,60.68,74.81,87.13,103.32
2021-10-21,60.61,74.85,87.1,103.3
2021-10-22,60.61,74.89,87.15,103.08
2021-10-25,60.64,75.07,87.15,103.33
2021-10-26,60.53,74.92,86.91,103.23
2021-10-27,60.72,75.03,87.1,103.1
2021-10-28,60.57,74.8,87.27,103.12
2021-10-29,60.53,74.96,86.79,102.8
2021-11-01,60.53,74.87,86.75,102.35
2021-11-02,60.17,74.63,86.48,101.69
2021-11-03,59.99,74.49,86.28,101.74
2021-11-04,59.84,74.5,86.06,100.66
2021-11-05,59.59,74.21,85.67,100.03
2021-11-08,59.42,73.97,85.69,100.27
2021-11-09,59.52,74.1,85.87,100.43
2021-11-10,59.7,74.34,85.63,100.1
2021-11-12,59.21,74.39,85.15,99.76
2021-11-15,59.42,74.37,84.86,99.89
2021-11-16,59.31,74.44,84.39,99.98
2021-11-17,59.0,74.31,84.07,100.15
2021-11-18,58.86,74.25,84.33,100.15
2021-11-19,58.75,74.26,83.91,99.91
2021-11-22,58.65,74.37,83.67,99.7
2021-11-23,58.62,74.48,83.82,99.6
2021-11-24,58.79,74.53,83.46,99.35
2021-11-25,58.86,74.48,83.51,99.21
2021-11-26,58.69,74.95,84.72,99.94
2021-11-29,58.82,75.09,84.63,99.89
2021-11-30,58.72,75.11,85.08,99.85
2021-12-01,58.58,74.84,84.78,99.6
2021-12-02,58.48,74.94,84.81,99.73
2021-12-03,58.72,75.23,85.03,99.62
2021-12-06,59.0,75.4,85.08,99.94
2021-12-07,59.59,75.45,84.87,99.84
2021-12-08,59.67,75.43,85.48,99.74
2021-12-09,59.52,75.6,85.39,99.84
2021-12-10,59.52,75.68,85.56,100.24
2021-12-13,59.24,75.78,85.55,100.28
2021-12-14,59.17,76.01,85.72,100.56
2021-12-15,59.24,76.38,86.01,101.03
2021-12-16,59.63,76.22,86.3,101.56
2021-12-17,59.17,76.01,85.74,100.86
2021-12-20,58.58,75.82,85.58,100.23
2021-12-21,58.55,75.68,85.35,100.3
2021-12-22,58.69,75.5,85.49,100.74
2021-12-23,58.58,75.08,85.0,100.71
2021-12-24,58.55,75.02,84.91,100.57
2021-12-29,58.24,74.57,84.55,100.5
2021-12-30,58.24,74.41,84.23,100.43
2021-12-31,58.72,74.45,84.5,100.6
2022-01-04,58.65,74.53,84.15,100.84
2022-01-05,58.45,74.33,84.2,100.82
2022-01-06,58.41,74.42,84.11,100.71
2022-01-07,58.65,74.29,84.26,100.83
2022-01-10,58.41,74.06,83.83,100.44
2022-01-11,58.58,73.85,83.83,100.49
2022-01-12,59.0,73.81,84.34,101.06
2022-01-13,59.21,73.91,84.73,101.44
2022-01-14,59.07,74.1,84.64,101.36
2022-01-17,59.35,74.3,84.75,101.42
2022-01-18,59.52,74.58,84.59,101.32
2022-01-19,59.56,74.4,84.43,101.41
2022-01-20,59.63,74.38,84.29,101.38
2022-01-21,59.24,74.32,84.32,100.78
2022-01-24,59.0,74.67,84.48,100.57
2022-01-25,59.21,74.77,84.38,100.87
2022-01-26,59.42,74.9,84.48,101.13
2022-01-27,59.17,75.22,83.85,100.66
2022-01-28,58.75,75.04,83.68,100.56
2022-01-31,58.69,74.64,83.69,100.31
2022-02-01,58.89,74.76,84.14,100.98
2022-02-02,59.0,74.79,84.58,101.51
2022-02-03,58.96,74.76,85.31,101.65
2022-02-04,58.55,74.7,85.52,101.1
2022-02-07,58.86,74.68,85.39,100.99
2022-02-08,58.79,74.71,85.29,101.21
2022-02-09,59.0,74.81,85.52,101.36
2022-02-10,59.24,75.13,86.01,102.1
2022-02-11,59.31,75.34,85.76,102.32
2022-02-14,59.35,75.6,85.47,102.24
2022-02-15,59.03,75.21,85.41,101.78
2022-02-16,59.17,75.07,85.38,101.93
2022-02-17,59.1,75.03,85.27,102.22
2022-02-18,58.62,74.64,84.61,101.48
2022-02-22,58.62,74.7,84.69,101.42
2022-02-23,58.65,74.59,84.44,101.16
2022-02-24,58.93,75.62,84.43,101.03
2022-02-25,58.93,75.11,84.47,100.65
2022-02-28,59.49,75.54,84.7,101.27
2022-03-01,59.63,75.78,84.34,101.13
2022-03-02,59.74,75.68,84.03,101.07
2022-03-03,59.99,75.97,84.06,101.43
2022-03-04,59.92,76.39,83.42,101.07
2022-03-07,60.2,76.9,83.67,101.01
2022-03-08,59.84,77.0,83.97,100.96
2022-03-09,59.59,76.41,84.46,100.63
2022-03-10,59.77,76.37,84.08,100.21
2022-03-11,60.13,76.49,83.7,99.92
2022-03-14,59.88,76.51,83.89,99.78
2022-03-15,59.67,76.39,83.76,99.73
2022-03-16,59.88,76.17,83.8,99.78
2022-03-17,60.02,75.94,84.22,99.76
2022-03-18,60.31,76.1,84.02,100.16
2022-03-21,60.53,76.23,84.1,100.45
2022-03-22,60.46,76.11,83.91,100.86
2022-03-23,60.83,76.47,84.08,100.94
2022-03-24,60.79,76.26,83.83,100.55
2022-03-25,60.98,76.23,83.85,100.57
2022-03-28,60.68,76.1,83.54,99.63
2022-03-29,60.46,75.63,83.92,99.17
2022-03-30,60.79,75.81,84.53,99.68
2022-03-31,60.72,75.87,84.11,99.68
2022-04-01,60.72,75.97,83.89,99.57
2022-04-04,60.42,75.47,82.89,98.95
2022-04-05,60.53,75.37,82.39,98.8
2022-04-06,60.68,75.9,82.82,99.27
2022-04-07,60.35,75.94,82.76,99.25
2022-04-08,60.31,75.93,82.51,98.87
2022-04-11,60.13,75.89,82.63,98.89
2022-04-12,60.31,76.1,82.6,99.13
2022-04-13,60.39,76.13,82.67,99.43
2022-04-14,60.5,76.23,82.49,99.65
2022-04-18,60.42,76.24,82.26,99.26
2022-04-19,60.53,76.42,82.48,99.35
2022-04-20,61.01,76.28,82.73,99.57
2022-04-21,60.86,76.26,82.8,99.45
2022-04-22,60.2,76.47,82.56,98.28
2022-04-25,60.13,76.72,82.23,97.65
2022-04-26,59.88,76.63,81.68,96.77
2022-04-27,59.74,76.63,80.88,96.15
2022-04-28,59.77,76.68,80.56,95.47
2022-04-29,59.81,76.51,80.69,96.17
2022-05-02,59.31,76.48,80.4,95.72
2022-05-03,59.59,76.56,80.67,95.81
2022-05-04,59.56,76.3,80.51,95.46
2022-05-05,59.63,76.46,80.5,94.5
2022-05-06,59.74,76.95,81.31,94.98
2022-05-09,59.7,77.4,81.69,95.55
2022-05-10,59.38,77.27,81.45,95.2
2022-05-11,59.59,77.29,81.45,95.16
2022-05-12,59.35,77.38,80.41,94.45
2022-05-13,59.81,77.47,80.53,94.67
2022-05-16,60.39,77.83,81.11,95.53
2022-05-17,60.39,77.5,81.68,96.69
2022-05-18,60.5,77.68,81.55,96.24
2022-05-19,60.5,77.49,81.96,96.75
2022-05-20,60.64,77.8,82.12,97.06
2022-05-24,60.46,77.55,83.19,97.09
2022-05-25,60.42,77.57,82.75,97.26
2022-05-26,60.68,77.62,83.17,97.65
2022-05-27,60.94,77.62,83.22,97.98
2022-05-30,61.24,77.54,83.55,98.08
2022-05-31,61.39,77.64,83.25,97.83
2022-06-01,61.35,77.54,82.73,96.99
2022-06-02,61.5,77.47,83.1,97.32
2022-06-03,61.69,77.6,83.21,97.14
2022-06-06,61.88,77.75,83.21,97.51
2022-06-07,61.88,77.69,83.07,97.59
2022-06-08,61.96,77.7,83.36,97.47
2022-06-09,61.54,77.81,82.97,97.44
2022-06-10,61.09,78.05,82.16,96.33
2022-06-13,60.72,78.08,81.51,94.99
2022-06-14,60.28,78.0,81.33,93.73
2022-06-15,60.35,78.14,81.36,94.45
2022-06-16,60.35,78.02,82.04,96.05
2022-06-17,59.84,78.01,81.76,95.31
2022-06-20,59.99,77.95,81.99,95.45
2022-06-21,60.42,78.12,82.37,95.87
2022-06-22,60.46,78.25,82.69,96.03
2022-06-23,60.2,78.16,82.2,95.73
2022-06-24,60.53,78.29,82.55,96.12
2022-06-27,60.9,78.48,83.09,96.39
2022-06-28,61.43,79.02,83.2,96.41
2022-06-29,61.31,78.96,82.67,95.79
2022-06-30,61.31,79.01,82.57,96.06
2022-07-04,61.35,78.94,82.36,95.67
2022-07-05,60.83,79.31,81.37,94.71
2022-07-06,60.61,79.07,80.5,94.2
2022-07-07,60.94,79.13,80.46,94.96
2022-07-08,61.16,79.32,80.64,95.32
2022-07-11,61.12,79.46,80.02,94.55
2022-07-12,61.09,79.51,79.92,94.51
2022-07-13,61.43,79.71,80.22,94.89
2022-07-14,60.9,80.01,80.07,94.48
2022-07-15,61.2,79.79,80.4,94.57
2022-07-18,61.77,79.98,81.24,95.8
2022-07-19,61.92,79.9,81.8,95.97
2022-07-20,62.11,80.02,81.59,95.84
2022-07-21,61.92,79.85,81.43,95.44
2022-07-22,62.0,79.83,81.53,95.8
2022-07-25,62.07,79.78,81.58,96.16
2022-07-26,61.96,79.82,80.84,95.95
2022-07-27,62.07,79.9,81.02,96.39
2022-07-28,62.03,79.62,80.89,96.61
2022-07-29,61.88,79.36,80.89,96.38
2022-08-02,61.09,78.53,80.08,95.85
2022-08-03,61.58,79.14,80.39,96.12
2022-08-04,61.65,79.25,80.98,96.18
2022-08-05,61.35,79.35,80.75,95.74
2022-08-08,61.88,79.56,81.15,96.25
2022-08-09,61.77,79.56,81.33,96.18
2022-08-10,61.88,79.14,81.67,96.79
2022-08-11,62.38,79.56,82.21,97.2
2022-08-12,62.31,79.64,81.75,96.62
2022-08-15,61.61,79.53,80.97,96.05
2022-08-16,61.61,79.28,80.6,95.77
2022-08-17,61.5,79.41,80.77,95.73
2022-08-18,61.65,79.7,80.64,95.49
2022-08-19,61.5,79.9,80.25,94.45
2022-08-22,61.27,79.87,79.53,94.07
2022-08-23,61.54,79.83,79.55,94.38
2022-08-24,61.46,79.8,79.41,94.07
2022-08-25,61.77,79.91,79.66,94.46
2022-08-26,61.5,79.88,79.88,94.16
2022-08-29,61.46,79.96,79.98,93.66
2022-08-30,60.86,79.59,79.74,92.85
2022-08-31,60.64,79.51,79.81,92.43
2022-09-01,60.5,79.65,79.31,91.95
2022-09-02,60.75,79.71,79.62,91.99
2022-09-06,60.79,79.87,79.12,92.12
2022-09-07,60.61,79.78,79.39,91.55
2022-09-08,60.79,79.73,79.56,91.68
2022-09-09,61.09,79.63,79.99,92.25
2022-09-12,61.16,79.39,80.41,92.83
2022-09-13,60.64,79.5,79.61,91.77
2022-09-14,60.35,79.46,79.38,91.85
2022-09-15,60.46,79.81,79.78,91.67
2022-09-16,59.99,79.69,79.66,90.89
2022-09-19,59.99,79.71,79.74,90.91
2022-09-20,59.77,79.77,79.58,90.85
2022-09-21,59.7,79.98,79.06,90.57
2022-09-22,60.1,81.01,79.75,91.32
2022-09-23,59.81,81.16,78.87,88.8
2022-09-26,59.49,81.59,78.6,87.67
2022-09-27,59.49,81.65,78.44,87.68
2022-09-28,59.77,81.65,78.92,88.05
2022-09-29,59.56,81.64,79.71,89.92
2022-10-03,59.74,81.61,79.98,91.99
2022-10-04,59.99,81.43,81.08,93.04
2022-10-05,59.84,81.63,80.63,92.28
2022-10-06,59.84,82.1,80.64,91.88
2022-10-07,60.2,82.55,80.58,91.72
2022-10-11,59.7,82.24,80.01,91.25
2022-10-12,59.59,82.25,79.76,91.07
2022-10-13,59.63,82.33,80.23,92.87
2022-10-14,59.42,82.33,80.13,92.14
2022-10-17,59.84,82.17,80.66,93.45
2022-10-18,59.81,82.27,81.03,93.07
2022-10-19,60.24,83.01,81.15,93.2
2022-10-20,60.24,82.7,81.07,93.11
2022-10-21,60.31,82.71,81.15,92.76
2022-10-24,60.35,82.81,81.71,93.51
2022-10-25,60.53,82.55,82.1,94.53
2022-10-26,60.42,81.96,82.42,95.08
2022-10-27,60.79,82.35,82.27,95.37
2022-10-28,60.5,82.37,81.97,95.38
2022-10-31,60.64,82.77,81.88,95.12
2022-11-01,60.68,82.61,81.72,94.93
2022-11-02,60.72,82.76,81.8,94.98
2022-11-03,60.2,82.78,80.76,92.59
2022-11-04,60.72,82.07,81.27,92.76
2022-11-07,60.68,81.87,81.95,94.09
2022-11-08,60.57,81.41,81.86,93.86
2022-11-09,60.31,81.3,81.51,92.55
2022-11-10,60.42,80.83,82.04,94.16
2022-11-14,60.98,81.02,83.74,95.27
2022-11-15,60.9,80.94,83.98,96.22
2022-11-16,61.16,81.41,84.58,96.78
2022-11-17,61.2,81.7,84.51,96.56
2022-11-18,61.01,81.67,84.48,97.16
2022-11-21,60.75,81.73,83.71,96.49
2022-11-22,60.98,81.68,83.98,97.04
2022-11-23,61.05,81.76,84.75,98.35
2022-11-24,61.2,81.63,84.98,98.95
2022-11-25,61.09,81.72,84.94,98.77
2022-11-28,60.68,81.63,84.84,98.11
2022-11-29,60.13,81.65,84.44,97.79
2022-11-30,60.24,81.37,84.29,97.55
2022-12-01,60.42,81.17,85.24,99.42
2022-12-02,60.46,81.43,85.54,99.78
2022-12-05,60.46,81.81,86.07,99.88
2022-12-06,60.39,82.42,86.47,100.39
2022-12-07,60.31,82.27,86.51,100.42
2022-12-08,60.61,82.32,86.79,100.65
2022-12-09,60.5,82.46,86.93,101.25
2022-12-12,60.53,82.68,87.14,101.45
2022-12-13,60.9,82.5,87.69,102.13
2022-12-14,60.86,82.54,87.95,102.36
2022-12-15,60.75,82.87,88.16,101.32
2022-12-16,60.46,82.75,87.82,100.75
2022-12-19,60.53,82.65,87.68,100.53
2022-12-20,60.64,82.6,87.73,100.33
2022-12-21,60.9,82.9,87.98,100.28
2022-12-22,60.75,82.96,87.9,99.77
2022-12-23,60.86,82.79,87.89,99.82
2022-12-28,61.01,82.76,87.99,99.76
2022-12-29,61.09,82.82,88.33,99.86
2022-12-30,61.05,82.69,88.27,99.65
2023-01-03,60.68,82.88,87.5,99.34
2023-01-04,61.27,82.77,87.79,99.78
2023-01-05,60.9,82.61,87.05,98.43
2023-01-06,61.16,82.48,87.43,99.19
2023-01-09,61.43,82.16,88.24,100.14
2023-01-10,60.86,81.69,87.69,99.28
2023-01-11,60.83,81.66,87.81,99.08
2023-01-12,60.72,81.23,87.91,99.03
2023-01-13,60.64,81.3,87.96,99.22
2023-01-16,60.94,81.64,88.32,99.57
2023-01-17,60.94,81.6,88.21,100.1
2023-01-18,60.53,81.35,88.02,100.61
2023-01-19,60.35,81.3,87.94,100.55
2023-01-20,60.39,81.04,87.83,100.32
2023-01-23,60.86,81.45,88.47,100.71
2023-01-24,61.01,81.57,88.71,100.47
2023-01-25,60.86,81.52,88.84,100.82
2023-01-26,61.05,81.5,88.68,100.95
2023-01-27,61.27,81.58,88.63,101.01
2023-01-30,61.05,81.54,88.63,100.84
2023-01-31,61.24,81.75,88.78,100.71
2023-02-01,61.39,81.77,89.31,100.8
2023-02-02,61.65,82.07,89.67,100.68
2023-02-03,61.39,82.2,89.06,99.42
2023-02-06,61.58,82.77,88.85,99.58
2023-02-07,61.65,82.83,88.66,99.47
2023-02-08,61.54,82.64,88.65,99.81
2023-02-09,61.43,82.48,88.72,100.2
2023-02-10,61.73,82.48,88.1,99.6
2023-02-13,61.92,82.62,88.49,100.17
2023-02-14,62.11,82.89,89.01,100.93
2023-02-15,61.77,82.84,88.46,99.54
2023-02-16,61.58,82.75,88.41,99.37
2023-02-17,61.35,82.74,88.3,99.39
2023-02-21,61.31,82.87,88.32,100.34
2023-02-22,61.16,82.83,88.03,100.01
2023-02-23,60.98,82.62,87.54,99.33
2023-02-24,60.86,82.91,87.47,99.08
2023-02-27,60.94,82.71,87.64,99.56
2023-02-28,60.72,82.63,87.64,99.92
2023-03-01,60.57,82.45,87.93,99.07
2023-03-02,60.57,82.46,87.37,98.47
2023-03-03,60.06,81.74,86.8,98.15
2023-03-06,60.1,81.82,87.33,98.38
2023-03-07,59.74,81.94,86.79,97.38
2023-03-08,59.42,81.91,86.4,96.95
2023-03-09,59.49,82.03,86.76,97.75
2023-03-10,59.38,81.99,87.33,98.78
2023-03-13,59.92,82.26,88.18,99.92
2023-03-14,60.17,82.29,88.29,100.14
2023-03-15,60.13,82.85,87.46,99.87
2023-03-16,60.17,82.7,87.7,100.02
2023-03-17,60.13,82.59,87.96,100.44
2023-03-20,60.39,82.57,88.51,101.22
2023-03-21,60.31,82.67,89.03,100.97
2023-03-22,60.24,82.6,89.27,101.25
2023-03-23,60.1,82.16,89.37,101.09
2023-03-24,59.88,82.41,88.63,100.72
2023-03-27,60.13,82.27,88.74,100.99
2023-03-28,60.31,82.18,89.07,101.34
2023-03-29,60.57,82.23,89.13,101.29
2023-03-30,60.68,82.12,89.54,101.63
2023-03-31,60.72,82.17,89.3,101.55
2023-04-03,61.2,82.24,89.53,101.95
2023-04-04,61.09,82.14,89.85,102.63
2023-04-05,60.9,81.95,89.49,102.17
2023-04-06,60.75,81.88,89.42,101.92
2023-04-10,60.61,81.98,88.96,101.41
2023-04-11,60.86,82.06,89.53,101.95
2023-04-12,60.98,81.99,90.07,102.26
2023-04-13,61.12,81.66,90.23,102.27
2023-04-14,61.24,81.82,90.03,101.75
2023-04-17,61.24,82.05,89.68,101.56
2023-04-18,61.31,82.08,90.0,102.01
2023-04-19,61.16,82.23,90.1,102.31
2023-04-20,60.98,82.13,90.08,102.21
2023-04-21,60.61,82.05,90.08,101.89
2023-04-24,60.5,81.92,90.36,102.1
2023-04-25,60.2,82.02,90.08,101.76
2023-04-26,60.02,81.78,90.35,102.0
2023-04-27,60.06,81.75,90.07,101.98
2023-04-28,60.24,81.8,90.11,102.63
2023-05-01,60.35,81.75,89.81,102.26
2023-05-02,60.06,81.79,89.84,101.97
2023-05-03,60.06,81.78,90.35,102.52
2023-05-04,60.24,81.72,90.07,102.78
2023-05-05,60.86,81.72,89.98,103.14
2023-05-08,61.24,81.78,90.14,103.33
2023-05-09,61.31,82.1,89.98,103.54
2023-05-10,61.27,81.95,89.95,103.48
2023-05-11,60.94,82.13,89.68,102.87
2023-05-12,60.72,82.17,89.28,102.49
2023-05-15,60.98,82.24,89.43,102.96
2023-05-16,61.16,82.3,89.45,102.82
2023-05-17,61.2,82.39,89.26,102.83
2023-05-18,61.27,82.72,89.14,102.68
2023-05-19,61.35,82.84,89.53,103.13
2023-05-23,61.35,82.85,89.26,102.83
2023-05-24,60.86,82.67,89.0,102.31
2023-05-25,60.72,82.74,88.72,102.03
2023-05-26,60.64,82.61,88.61,102.03
2023-05-29,60.79,82.63,88.52,102.09
2023-05-30,60.79,82.66,88.66,102.57
2023-05-31,60.79,82.69,88.21,102.5
2023-06-01,61.09,82.36,88.46,103.08
2023-06-02,61.31,82.37,88.36,102.78
2023-06-05,61.46,82.57,88.4,102.52
2023-06-06,61.5,82.53,88.18,102.45
2023-06-07,61.69,82.52,88.35,102.76
2023-06-08,61.77,82.51,88.87,103.42
2023-06-09,61.8,82.45,88.69,103.7
2023-06-12,61.69,82.46,88.69,103.2
2023-06-13,61.8,82.26,88.81,103.66
2023-06-14,61.65,81.98,88.88,103.95
2023-06-15,61.88,82.0,89.55,104.5
2023-06-16,62.07,81.92,89.63,105.07
2023-06-19,62.03,81.92,89.47,104.79
2023-06-20,61.96,82.04,89.52,104.55
2023-06-21,62.19,81.98,89.81,104.5
2023-06-22,62.27,81.94,89.85,104.43
2023-06-23,62.11,81.98,89.28,104.2
2023-06-26,62.34,81.99,89.46,104.26
2023-06-27,62.23,81.99,89.86,104.51
2023-06-28,61.92,82.07,89.62,103.75
2023-06-29,61.92,82.07,89.3,103.56
2023-06-30,61.96,82.03,89.5,104.19
2023-07-04,62.03,82.0,89.35,104.34
2023-07-05,62.03,82.34,89.51,104.65
2023-07-06,61.96,82.7,89.93,105.27
2023-07-07,62.15,82.62,90.45,105.92
2023-07-10,62.15,82.56,90.65,105.85
2023-07-11,62.15,82.41,90.6,106.38
2023-07-12,62.23,82.07,91.18,106.54
2023-07-13,62.5,82.05,91.89,107.54
2023-07-14,62.31,82.14,92.26,107.67
2023-07-17,62.23,82.06,92.18,107.31
2023-07-18,62.19,82.03,92.11,107.15
2023-07-19,62.31,82.06,91.91,105.93
2023-07-20,62.31,82.06,91.48,105.53
2023-07-21,62.07,82.01,91.22,105.38
2023-07-24,62.11,81.81,90.64,104.93
2023-07-25,62.11,81.89,90.43,105.32
2023-07-26,62.03,82.01,90.8,105.97
2023-07-27,62.19,82.1,90.34,105.47
2023-07-28,62.15,82.24,90.65,105.79
2023-07-31,62.42,82.25,90.62,105.71
2023-08-01,61.96,82.35,90.33,105.1
2023-08-02,62.03,82.72,90.56,105.2
2023-08-03,62.0,82.77,90.57,105.08
2023-08-04,61.92,82.69,91.1,105.54
2023-08-08,61.61,82.91,90.78,105.48
2023-08-09,61.69,82.86,90.97,105.47
2023-08-10,61.61,82.62,90.96,105.13
2023-08-11,61.65,82.88,90.84,105.25
2023-08-14,61.8,83.2,90.79,105.46
2023-08-15,61.77,83.27,90.96,105.94
2023-08-16,61.54,83.19,90.65,105.96
2023-08-17,61.46,83.12,90.44,106.0
2023-08-18,61.35,83.14,90.39,105.88
2023-08-21,61.39,83.14,90.57,105.99
2023-08-22,61.27,83.02,90.11,105.74
2023-08-23,60.9,82.53,89.54,104.77
2023-08-24,60.86,82.56,89.38,104.28
2023-08-25,60.75,82.66,89.28,104.09
2023-08-28,60.79,82.65,89.33,104.08
2023-08-29,60.79,82.63,89.6,104.21
2023-08-30,61.05,82.63,90.26,105.08
2023-08-31,61.12,82.71,89.74,104.79
2023-09-01,60.9,82.7,89.37,104.37
2023-09-05,60.94,83.04,89.07,104.35
2023-09-06,60.94,83.21,89.23,104.12
2023-09-07,60.83,83.18,89.0,103.73
2023-09-08,60.9,83.02,88.91,103.56
2023-09-11,61.05,82.91,89.07,103.83
2023-09-12,61.12,82.89,88.88,103.42
2023-09-13,61.2,82.93,89.06,103.59
2023-09-14,61.46,83.07,88.54,103.15
2023-09-15,61.46,83.13,88.67,103.05
2023-09-18,61.73,83.28,88.93,103.15
2023-09-19,62.03,83.29,89.02,103.24
2023-09-20,61.8,82.96,88.84,102.77
